Ajax,Ajax
Algoma--Manitoulin--Kapuskasing,Algoma—Manitoulin
Aurora--Oak Ridges--Richmond Hill,Aurora—Oak Ridges—Richmond Hill
Barrie--Innisfil,Barrie—Innisfil
Barrie--Springwater--Oro-Medonte,Barrie—Springwater—Oro-Medonte
Bay of Quinte,Bay of Quinte
Beaches--East York,Beaches—East York
Brampton Centre,Brampton Centre
Brampton East,Brampton East
Brampton North,Brampton North
Brampton South,Brampton South
Brampton West,Brampton West
Brantford--Brant,Brantford—Brant
Bruce--Grey--Owen Sound,Bruce—Grey—Owen Sound
Burlington,Burlington
Cambridge,Cambridge
Carleton,Carleton
Chatham-Kent--Leamington,Chatham-Kent—Leamington
Davenport,Davenport
Don Valley East,Don Valley East
Don Valley North,Don Valley North
Don Valley West,Don Valley West
Dufferin--Caledon,Dufferin—Caledon
Durham,Durham
Eglinton--Lawrence,Eglinton—Lawrence
Elgin--Middlesex--London,Elgin—Middlesex—London
Essex,Essex
Etobicoke Centre,Etobicoke Centre
Etobicoke North,Etobicoke North
Etobicoke--Lakeshore,Etobicoke—Lakeshore
Flamborough--Glanbrook,Flamborough—Glanbrook
Glengarry--Prescott--Russell,Glengarry—Prescott—Russell
Guelph,Guelph
Haldimand--Norfolk,Haldimand—Norfolk
Haliburton--Kawartha Lakes--Brock,Haliburton—Kawartha Lakes—Brock
Hamilton Centre,Hamilton Centre
Hamilton East--Stoney Creek,Hamilton East—Stoney Creek
Hamilton Mountain,Hamilton Mountain
Hamilton West--Ancaster--Dundas,Hamilton West—Ancaster—Dundas
Hastings--Lennox and Addington,Hastings—Lennox and Addington
Humber River--Black Creek,Humber River—Black Creek
Huron--Bruce,Huron—Bruce
Kanata--Carleton,Kanata—Carleton
Kenora,Kenora—Rainy River
,Kiiwetinoong
Kingston and the Islands,Kingston and the Islands
King--Vaughan,King—Vaughan
Kitchener Centre,Kitchener Centre
Kitchener South--Hespeler,Kitchener South—Hespeler
Kitchener--Conestoga,Kitchener—Conestoga
Lambton--Kent--Middlesex,Lambton—Kent—Middlesex
Lanark--Frontenac--Kingston,Lanark—Frontenac—Kingston
Leeds-Grenville-Thousand Islands and Rideau Lakes,Leeds—Grenville—Thousand Islands and Rideau Lakes
London North Centre,London North Centre
London West,London West
London--Fanshawe,London—Fanshawe
Markham--Stouffville,Markham—Stouffville
Markham--Thornhill,Markham—Thornhill
Markham--Unionville,Markham—Unionville
Milton,Milton
Mississauga Centre,Mississauga Centre
Mississauga East--Cooksville,Mississauga East—Cooksville
Mississauga--Erin Mills,Mississauga—Erin Mills
Mississauga--Lakeshore,Mississauga—Lakeshore
Mississauga--Malton,Mississauga—Malton
Mississauga--Streetsville,Mississauga—Streetsville
,Mushkegowuk—James Bay
Nepean,Nepean
Newmarket--Aurora,Newmarket—Aurora
Niagara Centre,Niagara Centre
Niagara Falls,Niagara Falls
Niagara West,Niagara West
Nickel Belt,Nickel Belt
Nipissing--Timiskaming,Nipissing
Northumberland--Peterborough South,Northumberland—Peterborough South
Oakville,Oakville
Oakville North--Burlington,Oakville North—Burlington
Orléans,Orléans
Oshawa,Oshawa
Ottawa Centre,Ottawa Centre
Ottawa South,Ottawa South
Ottawa West--Nepean,Ottawa West—Nepean
Ottawa--Vanier,Ottawa—Vanier
Oxford,Oxford
Parkdale--High Park,Parkdale—High Park
Parry Sound--Muskoka,Parry Sound—Muskoka
Perth--Wellington,Perth—Wellington
Peterborough--Kawartha,Peterborough—Kawartha
Pickering--Uxbridge,Pickering—Uxbridge
Renfrew--Nipissing--Pembroke,Renfrew—Nipissing—Pembroke
Richmond Hill,Richmond Hill
Sarnia--Lambton,Sarnia—Lambton
Sault Ste. Marie,Sault Ste. Marie
Scarborough Centre,Scarborough Centre
Scarborough North,Scarborough North
Scarborough Southwest,Scarborough Southwest
Scarborough--Agincourt,Scarborough—Agincourt
Scarborough--Guildwood,Scarborough—Guildwood
Scarborough--Rouge Park,Scarborough—Rouge Park
Simcoe North,Simcoe North
Simcoe--Grey,Simcoe—Grey
Spadina--Fort York,Spadina—Fort York
St. Catharines,St. Catharines
Stormont--Dundas--South Glengarry,Stormont—Dundas—South Glengarry
Sudbury,Sudbury
Thornhill,Thornhill
Thunder Bay--Rainy River,Thunder Bay—Atikokan
Thunder Bay--Superior North,Thunder Bay—Superior North
,Timiskaming—Cochrane
Timmins--James Bay,Timmins
Toronto Centre,Toronto Centre
Toronto--Danforth,Toronto—Danforth
Toronto--St. Paul's,Toronto—St. Paul's
University--Rosedale,University—Rosedale
Vaughan--Woodbridge,Vaughan—Woodbridge
Waterloo,Waterloo
Wellington--Halton Hills,Wellington—Halton Hills
Whitby,Whitby
Willowdale,Willowdale
Windsor West,Windsor West
Windsor--Tecumseh,Windsor—Tecumseh
York Centre,York Centre
York South--Weston,York South—Weston
York--Simcoe,York—Simcoe
